<?xml version="1.0" encoding="UTF-8"?>
<library xmlns="http://www.netbeans.org/ns/library-declaration/3" version="3.0">
    <name>gson-2.5</name>
    <type>j2se</type>
    <display-name>gson-2.5</display-name>
    <volume>
        <type>classpath</type>
        <resource>jar:file:/E:/netbeans/eduncle-apis/_libs/apiPhase1/gson-2.5.jar!/</resource>
    </volume>
    <volume>
        <type>src</type>
    </volume>
    <volume>
        <type>javadoc</type>
    </volume>
    <volume>
        <type>maven-pom</type>
    </volume>
    <properties/>
</library>
