<?xml version="1.0" encoding="UTF-8"?>
<library xmlns="http://www.netbeans.org/ns/library-declaration/3" version="3.0">
    <name>javamelody-1.75.0</name>
    <type>j2se</type>
    <display-name>javamelody-1.75.0</display-name>
    <volume>
        <type>classpath</type>
        <resource>jar:file:/E:/netbeans/common-libs/javamelody-core-1.75.0.jar!/</resource>
        <resource>jar:file:/E:/netbeans/common-libs/jrobin-1.5.9.jar!/</resource>
    </volume>
    <volume>
        <type>src</type>
    </volume>
    <volume>
        <type>javadoc</type>
    </volume>
    <volume>
        <type>maven-pom</type>
    </volume>
    <properties/>
</library>
