<?xml version="1.0" encoding="UTF-8"?>
<library xmlns="http://www.netbeans.org/ns/library-declaration/3" version="3.0">
    <name>jetty-9.4.31.v20200723</name>
    <type>j2se</type>
    <display-name>jetty-9.4.31.v20200723</display-name>
    <volume>
        <type>classpath</type>
        <resource>jar:file:/E:/netbeans/git/personals/ershakiransari.io/cdn/java/jars/servers/jetty/9.4.31.v20200723/javax.servlet-api-3.1.0.jar!/</resource>
        <resource>jar:file:/E:/netbeans/git/personals/ershakiransari.io/cdn/java/jars/servers/jetty/9.4.31.v20200723/jetty-http-9.4.31.v20200723.jar!/</resource>
        <resource>jar:file:/E:/netbeans/git/personals/ershakiransari.io/cdn/java/jars/servers/jetty/9.4.31.v20200723/jetty-io-9.4.31.v20200723.jar!/</resource>
        <resource>jar:file:/E:/netbeans/git/personals/ershakiransari.io/cdn/java/jars/servers/jetty/9.4.31.v20200723/jetty-security-9.4.31.v20200723.jar!/</resource>
        <resource>jar:file:/E:/netbeans/git/personals/ershakiransari.io/cdn/java/jars/servers/jetty/9.4.31.v20200723/jetty-server-9.4.31.v20200723.jar!/</resource>
        <resource>jar:file:/E:/netbeans/git/personals/ershakiransari.io/cdn/java/jars/servers/jetty/9.4.31.v20200723/jetty-servlet-9.4.31.v20200723.jar!/</resource>
        <resource>jar:file:/E:/netbeans/git/personals/ershakiransari.io/cdn/java/jars/servers/jetty/9.4.31.v20200723/jetty-util-9.4.31.v20200723.jar!/</resource>
    </volume>
    <volume>
        <type>src</type>
    </volume>
    <volume>
        <type>javadoc</type>
    </volume>
    <volume>
        <type>maven-pom</type>
    </volume>
    <properties/>
</library>
