<?xml version="1.0" encoding="UTF-8"?>
<library xmlns="http://www.netbeans.org/ns/library-declaration/3" version="3.0">
    <name>jgit-5.8.0.202006091008-r</name>
    <type>j2se</type>
    <display-name>jgit-5.8.0.202006091008-r</display-name>
    <volume>
        <type>classpath</type>
        <resource>jar:file:/E:/netbeans/git/personals/ershakiransari.io/cdn/java/jars/4java/jgit/v-5.8.0.202006091008-r/JavaEWAH-1.1.7.jar!/</resource>
        <resource>jar:file:/E:/netbeans/git/personals/ershakiransari.io/cdn/java/jars/4java/jgit/v-5.8.0.202006091008-r/org.eclipse.jgit-5.8.0.202006091008-r.jar!/</resource>
        <resource>jar:file:/E:/netbeans/git/personals/ershakiransari.io/cdn/java/jars/4java/jgit/v-5.8.0.202006091008-r/slf4j-api-1.7.2.jar!/</resource>
    </volume>
    <volume>
        <type>src</type>
    </volume>
    <volume>
        <type>javadoc</type>
    </volume>
    <volume>
        <type>maven-pom</type>
    </volume>
    <properties/>
</library>
