<?xml version="1.0" encoding="UTF-8"?>
<library xmlns="http://www.netbeans.org/ns/library-declaration/3" version="3.0">
    <name>jjwt-0.6.0.jar</name>
    <type>j2se</type>
    <display-name>jwt-0.6.0.jar</display-name>
    <volume>
        <type>classpath</type>
        <resource>jar:file:/E:/netbeans/git/personals/ershakiransari.io/cdn/java/jars/auth/web-tokens/jwt/jwt-0.6.0.jar!/</resource>
    </volume>
    <volume>
        <type>src</type>
    </volume>
    <volume>
        <type>javadoc</type>
    </volume>
    <volume>
        <type>maven-pom</type>
    </volume>
    <properties/>
</library>
