<?xml version="1.0" encoding="UTF-8"?>
<library xmlns="http://www.netbeans.org/ns/library-declaration/3" version="3.0">
    <name>log4j-v2.14.0</name>
    <type>j2se</type>
    <display-name>log4j-v2.14.0</display-name>
    <volume>
        <type>classpath</type>
        <resource>jar:file:/E:/netbeans/git/personals/ershakiransari.io/cdn/java/jars/loggings/log4j/v2.14.0/log4j-api-2.14.0.jar!/</resource>
        <resource>jar:file:/E:/netbeans/git/personals/ershakiransari.io/cdn/java/jars/loggings/log4j/v2.14.0/log4j-core-2.14.0.jar!/</resource>
    </volume>
    <volume>
        <type>src</type>
    </volume>
    <volume>
        <type>javadoc</type>
    </volume>
    <volume>
        <type>maven-pom</type>
    </volume>
    <properties/>
</library>
