<?xml version="1.0" encoding="UTF-8"?>
<library xmlns="http://www.netbeans.org/ns/library-declaration/3" version="3.0">
    <name>reflections-0.9.12</name>
    <type>j2se</type>
    <display-name>reflections-0.9.12</display-name>
    <volume>
        <type>classpath</type>
        <resource>jar:file:/E:/netbeans/git/personals/ershakiransari.io/cdn/java/jars/google/reflections/v0.9.12/reflections-0.9.12.jar!/</resource>
        <resource>jar:file:/E:/netbeans/git/personals/ershakiransari.io/cdn/java/jars/google/reflections/v0.9.12/javassist-3.26.0-GA.jar!/</resource>
    </volume>
    <volume>
        <type>src</type>
        <resource>jar:file:/E:/netbeans/git/personals/ershakiransari.io/cdn/java/jars/google/reflections/v0.9.12/reflections-0.9.12-sources.jar!//</resource>
    </volume>
    <volume>
        <type>javadoc</type>
        <resource>jar:file:/E:/netbeans/git/personals/ershakiransari.io/cdn/java/jars/google/reflections/v0.9.12/reflections-0.9.12-javadoc.jar!//</resource>
    </volume>
    <volume>
        <type>maven-pom</type>
    </volume>
    <properties/>
</library>
