<?xml version="1.0" encoding="UTF-8"?>
<library xmlns="http://www.netbeans.org/ns/library-declaration/3" version="3.0">
    <name>skr-jar</name>
    <type>j2se</type>
    <display-name>skr-jar</display-name>
    <volume>
        <type>classpath</type>
        <resource>jar:file:/E:/prog-tools/jars/skr-jar/skr-jar.jar!/</resource>
        <resource>jar:file:/E:/prog-tools/jars/skr-jar/lib/commons-codec-1.9.jar!/</resource>
        <resource>jar:file:/E:/prog-tools/jars/skr-jar/lib/commons-logging-1.2.jar!/</resource>
        <resource>jar:file:/E:/prog-tools/jars/skr-jar/lib/core-2.2.jar!/</resource>
        <resource>jar:file:/E:/prog-tools/jars/skr-jar/lib/gson-2.5.jar!/</resource>
        <resource>jar:file:/E:/prog-tools/jars/skr-jar/lib/httpclient-4.5.jar!/</resource>
        <resource>jar:file:/E:/prog-tools/jars/skr-jar/lib/httpcore-4.4.1.jar!/</resource>
        <resource>jar:file:/E:/prog-tools/jars/skr-jar/lib/javase-2.2.jar!/</resource>
        <resource>jar:file:/E:/prog-tools/jars/skr-jar/lib/servlet-api-8.0.53.jar!/</resource>
    </volume>
    <volume>
        <type>src</type>
    </volume>
    <volume>
        <type>javadoc</type>
    </volume>
    <volume>
        <type>maven-pom</type>
    </volume>
    <properties/>
</library>
