<?xml version="1.0" encoding="UTF-8"?>
<library xmlns="http://www.netbeans.org/ns/library-declaration/3" version="3.0">
    <name>zip4j-2.5.2.jar</name>
    <type>j2se</type>
    <display-name>zip4j-2.5.2.jar</display-name>
    <volume>
        <type>classpath</type>
        <resource>jar:file:/E:/netbeans/git/personals/ershakiransari.io/cdn/java/jars/common/zip4j-2.5.2.jar!/</resource>
    </volume>
    <volume>
        <type>src</type>
    </volume>
    <volume>
        <type>javadoc</type>
    </volume>
    <volume>
        <type>maven-pom</type>
    </volume>
    <properties/>
</library>
