<?xml version="1.0" encoding="UTF-8"?>
<!DOCTYPE codetemplates PUBLIC "-//NetBeans//DTD Editor Code Templates settings 1.0//EN" "http://www.netbeans.org/dtds/EditorCodeTemplates-1_0.dtd">
<codetemplates>
    <codetemplate abbreviation="logd" xml:space="preserve">
        <code><![CDATA[logger.debug("${classVar editable=false currClassName default=getClass()}.${methodName currMethodName editable="false"}() - ");]]></code>
    </codetemplate>
    <codetemplate abbreviation="loge" xml:space="preserve">
        <code><![CDATA[logger.error("${classVar editable=false currClassName default=getClass()}.${methodName currMethodName editable="false"}() - exception", ${exc instanceof="java.lang.Throwable" default="exception"});]]></code>
    </codetemplate>
    <codetemplate abbreviation="cf" xml:space="preserve">
        <code><![CDATA[// <editor-fold defaultstate="collapsed" desc=" ${DESCRIPTION} ">
${selection line}${cursor}
// </editor-fold>]]></code>
    </codetemplate>
    <codetemplate abbreviation="logger" xml:space="preserve">
        <code><![CDATA[private static final ${LOGGER_TYPE type="org.apache.log4j.Logger" default="Logger" editable=false} logger 	=	${LOGGER_FACTORY type="org.apache.log4j.Logger" default="LoggerFactory" editable=false}.getLogger(${CLASS editable="false" currClassName}.class);]]></code>
    </codetemplate>
    <codetemplate abbreviation="jaxbu" xml:space="preserve">
        <code><![CDATA[
            try {
                javax.xml.bind.JAXBContext jaxbCtx = javax.xml.bind.JAXBContext.newInstance(${UM_OBJ instanceof="java.lang.Object" default="umObj"}.getClass().getPackage().getName());
                javax.xml.bind.Unmarshaller unmarshaller = jaxbCtx.createUnmarshaller();
                ${UM_OBJ} = ${TYPE_CAST cast default=""} unmarshaller.unmarshal(new java.io.File("File path")); //NOI18N
            } catch (javax.xml.bind.JAXBException ex) {
                // XXXTODO Handle exception
                java.util.logging.Logger.getLogger("global").log(java.util.logging.Level.SEVERE, null, ex); //NOI18N
            }
        ]]></code>
        <description><![CDATA[Sample template to unmarshal JAXB objects.]]></description>
    </codetemplate>
    <codetemplate abbreviation="logi" xml:space="preserve">
        <code><![CDATA[logger.info("${classVar editable=false currClassName default=getClass()}.${methodName currMethodName editable="false"}() - ");]]></code>
    </codetemplate>
    <codetemplate abbreviation="trycatch" contexts="BLOCK,CASE,LABELED_STATEMENT,DO_WHILE_LOOP,ENHANCED_FOR_LOOP,FOR_LOOP,IF,WHILE_LOOP,LAMBDA_EXPRESSION" xml:space="preserve">
        <code><![CDATA[try {
${selection}${cursor}
} ${CATCH_STMTS uncaughtExceptionCatchStatements default="catch (Exception exception) {}" editable=false}
]]></code>
    </codetemplate>
    <codetemplate abbreviation="sout" contexts="BLOCK,CASE,LABELED_STATEMENT,DO_WHILE_LOOP,ENHANCED_FOR_LOOP,FOR_LOOP,IF,WHILE_LOOP,LAMBDA_EXPRESSION" xml:space="preserve">
        <code><![CDATA[System.out.println("${classVar editable=false currClassName default=getClass()}.${methodName currMethodName editable="false"}() - ");]]></code>
    </codetemplate>
    <codetemplate abbreviation="lex" xml:space="preserve">
        <code><![CDATA[logger.error("${classVar editable=false currClassName default=getClass()}.${methodName currMethodName editable="false"}() - exception:\n", exception);]]></code>
    </codetemplate>
    <codetemplate abbreviation="jaxbm" xml:space="preserve">
        <code><![CDATA[try {            
                javax.xml.bind.JAXBContext jaxbCtx= javax.xml.bind.JAXBContext.newInstance( ${OBJ2M instanceof="java.lang.Object" default="obj2BMarshalled"}.getClass().getPackage().getName());
                javax.xml.bind.Marshaller marshaller = jaxbCtx.createMarshaller();
                marshaller.setProperty(javax.xml.bind.Marshaller.JAXB_ENCODING, "UTF-8"); //NOI18N
                marshaller.setProperty(javax.xml.bind.Marshaller.JAXB_FORMATTED_OUTPUT, Boolean.TRUE);
                marshaller.marshal(${OBJ2M} , System.out);
            } catch (javax.xml.bind.JAXBException ex) {
                // XXXTODO Handle exception
                java.util.logging.Logger.getLogger("global").log(java.util.logging.Level.SEVERE, null, ex); //NOI18N
        }]]></code>
        <description><![CDATA[Sample template to marshal JAXB objects.]]></description>
    </codetemplate>
    <codetemplate abbreviation="log" remove="true"/>
</codetemplates>
