<?xml version="1.0" encoding="UTF-8"?>
<library xmlns="http://www.netbeans.org/ns/library-declaration/3" version="3.0">
    <name>log4j-1.2.17</name>
    <type>j2se</type>
    <display-name>log4j-1.2.17</display-name>
    <volume>
        <type>classpath</type>
        <resource>jar:file:/E:/netbeans/common-libs/apiPhase1/log4j-1.2.17.jar!/</resource>
    </volume>
    <volume>
        <type>src</type>
    </volume>
    <volume>
        <type>javadoc</type>
    </volume>
    <volume>
        <type>maven-pom</type>
    </volume>
    <properties/>
</library>
