<?xml version="1.0" encoding="UTF-8"?>
<library xmlns="http://www.netbeans.org/ns/library-declaration/3" version="3.0">
    <name>mysql-connector-java-8.0.16</name>
    <type>j2se</type>
    <display-name>mysql-connector-java-8.0.16</display-name>
    <volume>
        <type>classpath</type>
        <resource>jar:file:/E:/jars/mysql-connector-java-8.0.16.jar!/</resource>
    </volume>
    <volume>
        <type>src</type>
    </volume>
    <volume>
        <type>javadoc</type>
    </volume>
    <volume>
        <type>maven-pom</type>
    </volume>
    <properties/>
</library>
