<?xml version="1.0" encoding="UTF-8"?>
<!DOCTYPE fontscolors PUBLIC "-//NetBeans//DTD Editor Fonts and Colors settings 1.1//EN" "http://www.netbeans.org/dtds/EditorFontsColors-1_1.dtd">
<fontscolors>
    <fontcolor bgColor="ffeceb8c" name="mark-occurrences"/>
    <fontcolor bgColor="white" foreColor="black" name="default">
        <font name="Consolas" size="14" style="plain"/>
    </fontcolor>
    <fontcolor foreColor="ff0040d3" name="string">
        <font style="bold"/>
    </fontcolor>
    <fontcolor foreColor="gray" name="comment"/>
</fontscolors>
