<?xml version="1.0" encoding="UTF-8" standalone="yes"?><history><sql date="1544242935501" url="jdbc:mysql://localhost:3306/live_dump_3nov2018?zeroDateTimeBehavior=convertToNull">select * from wp_post</sql><sql date="1555907557364" url="jdbc:mysql://192.168.0.36:3306/migrated_db_p2?zeroDateTimeBehavior=convertToNull">select * from cat_boards</sql><sql date="1572324533140" url="jdbc:h2:./test">insert into users (name, password)
values
('shakir', 'ansari'),
('eduncle', 'android')</sql><sql date="1544242977852" url="jdbc:mysql://localhost:3306/live_dump_3nov2018?zeroDateTimeBehavior=convertToNull">select * from wp_posts</sql><sql date="1572324523424" url="jdbc:h2:./test">SELECT * FROM "PUBLIC".USERS LIMIT 100</sql><sql date="1547533862342" url="jdbc:derby://localhost:1527/sample">SELECT * FROM APP.CUSTOMER FETCH FIRST 100 ROWS ONLY</sql><sql date="1563596378522" url="jdbc:mysql://192.168.0.36:3306?zeroDateTimeBehavior=convertToNull">SELECT * FROM Mukesh_Eduncle_Video_DB.va_videos LIMIT 100</sql><sql date="1572324555260" url="jdbc:h2:./test">insert into users (id, name, password)
values
(null, 'shakir', 'ansari'),
(null, 'eduncle', 'android')</sql><sql date="1544242296764" url="jdbc:derby://localhost:1527/sample">select * from CUSTOMER</sql><sql date="1547533892793" url="jdbc:derby://localhost:1527/sample">SELECT * FROM APP.MICRO_MARKET FETCH FIRST 100 ROWS ONLY</sql></history>